Customer_ID,Store_ID,Product_Category,Quantity,Total_Amount,Age,Gender,Full_Date,Category
CUST001,S003,Beauty,3,150.0,34,Male,2023-11-24,Hemat
CUST002,S001,Clothing,2,1000.0,26,Female,2023-02-27,Reguler
CUST003,S002,Electronics,1,30.0,50,Male,2023-01-13,Hemat
CUST004,S004,Clothing,1,500.0,37,Male,2023-05-21,Hemat
CUST005,S003,Beauty,2,100.0,30,Male,2023-05-06,Hemat
CUST006,S005,Beauty,1,30.0,45,Female,2023-04-25,Hemat
CUST007,S003,Clothing,2,50.0,46,Male,2023-03-13,Hemat
CUST008,S005,Electronics,4,100.0,30,Male,2023-02-22,Hemat
CUST009,S005,Electronics,2,600.0,63,Male,2023-12-13,Reguler
CUST010,S002,Clothing,4,200.0,52,Female,2023-10-07,Hemat
CUST011,S001,Clothing,2,100.0,23,Male,2023-02-14,Hemat
CUST012,S001,Beauty,3,75.0,35,Male,2023-10-30,Hemat
CUST013,S004,Electronics,3,1500.0,22,Male,2023-08-05,Sultan
CUST014,S003,Clothing,4,120.0,64,Male,2023-01-17,Hemat
CUST015,S001,Electronics,4,2000.0,42,Female,2023-01-16,Sultan
CUST016,S002,Clothing,3,1500.0,19,Male,2023-02-17,Sultan
CUST017,S004,Clothing,4,100.0,27,Female,2023-04-22,Hemat
CUST018,S001,Electronics,2,50.0,47,Female,2023-04-30,Hemat
CUST019,S003,Clothing,2,50.0,62,Female,2023-09-16,Hemat
CUST020,S004,Clothing,3,900.0,22,Male,2023-11-05,Reguler
CUST021,S001,Beauty,1,500.0,50,Female,2023-01-14,Hemat
CUST022,S003,Clothing,2,100.0,18,Male,2023-10-15,Hemat
CUST023,S002,Clothing,4,120.0,35,Female,2023-04-12,Hemat
CUST024,S004,Clothing,1,300.0,49,Female,2023-11-29,Hemat
CUST025,S005,Beauty,1,50.0,64,Female,2023-12-26,Hemat
CUST026,S003,Electronics,2,1000.0,28,Female,2023-10-07,Reguler
CUST027,S001,Beauty,2,50.0,38,Female,2023-08-03,Hemat
CUST028,S003,Beauty,1,500.0,43,Female,2023-04-23,Hemat
CUST029,S005,Electronics,1,30.0,42,Female,2023-08-18,Hemat
CUST030,S005,Beauty,3,900.0,39,Female,2023-10-29,Reguler
CUST031,S003,Electronics,4,1200.0,44,Male,2023-05-23,Reguler
CUST032,S002,Beauty,3,90.0,30,Male,2023-01-04,Hemat
CUST033,S001,Electronics,2,100.0,50,Female,2023-03-23,Hemat
CUST034,S004,Clothing,3,150.0,51,Female,2023-12-24,Hemat
CUST035,S004,Beauty,3,900.0,58,Female,2023-08-05,Reguler
CUST036,S003,Beauty,3,900.0,52,Male,2023-06-24,Reguler
CUST037,S001,Beauty,3,75.0,18,Female,2023-05-23,Hemat
CUST038,S001,Beauty,4,200.0,38,Male,2023-03-21,Hemat
CUST039,S002,Clothing,4,120.0,23,Male,2023-04-21,Hemat
CUST040,S005,Beauty,1,50.0,45,Male,2023-06-22,Hemat
CUST041,S001,Clothing,2,50.0,34,Male,2023-02-22,Hemat
CUST042,S005,Clothing,3,900.0,22,Male,2023-02-17,Reguler
CUST043,S001,Clothing,1,300.0,48,Female,2023-07-14,Hemat
CUST044,S005,Clothing,1,25.0,22,Female,2023-02-19,Hemat
CUST045,S002,Electronics,1,30.0,55,Female,2023-07-03,Hemat
CUST046,S005,Electronics,4,1200.0,20,Female,2023-06-26,Reguler
CUST047,S003,Beauty,3,1500.0,40,Female,2023-11-06,Sultan
CUST048,S001,Electronics,3,900.0,54,Male,2023-05-16,Reguler
CUST049,S004,Electronics,2,1000.0,54,Female,2023-01-23,Reguler
CUST050,S002,Beauty,3,75.0,27,Female,2023-08-24,Hemat
CUST051,S005,Beauty,3,75.0,27,Male,2023-10-02,Hemat
CUST052,S004,Beauty,1,300.0,36,Female,2023-03-05,Hemat
CUST053,S004,Electronics,2,100.0,34,Male,2023-07-13,Hemat
CUST054,S001,Electronics,3,1500.0,38,Female,2023-02-10,Sultan
CUST055,S005,Beauty,4,120.0,31,Male,2023-10-10,Hemat
CUST056,S005,Clothing,3,900.0,26,Female,2023-05-31,Reguler
CUST057,S002,Beauty,1,30.0,63,Female,2023-11-18,Hemat
CUST058,S005,Clothing,4,1200.0,18,Male,2023-11-13,Reguler
CUST059,S004,Clothing,1,50.0,62,Male,2023-07-05,Hemat
CUST060,S005,Beauty,3,150.0,30,Male,2023-10-23,Hemat
CUST061,S001,Beauty,4,200.0,21,Male,2023-04-09,Hemat
CUST062,S003,Beauty,2,100.0,18,Male,2023-12-27,Hemat
CUST063,S004,Electronics,2,50.0,57,Male,2023-02-05,Hemat
CUST064,S005,Clothing,4,100.0,49,Male,2023-01-24,Hemat
CUST065,S004,Electronics,4,2000.0,51,Male,2023-12-05,Sultan
CUST066,S001,Electronics,1,30.0,45,Female,2023-04-27,Hemat
CUST067,S004,Beauty,4,1200.0,48,Female,2023-05-29,Reguler
CUST068,S001,Electronics,1,300.0,25,Male,2023-02-10,Hemat
CUST069,S002,Beauty,3,75.0,56,Female,2023-04-30,Hemat
CUST070,S002,Clothing,1,300.0,43,Female,2023-02-21,Hemat
CUST071,S002,Beauty,4,100.0,51,Female,2023-07-14,Hemat
CUST072,S003,Electronics,4,2000.0,20,Female,2023-05-23,Sultan
CUST073,S002,Electronics,3,90.0,29,Male,2023-08-21,Hemat
CUST074,S004,Beauty,4,2000.0,18,Female,2023-11-22,Sultan
CUST075,S002,Beauty,4,200.0,61,Male,2023-07-06,Hemat
CUST076,S001,Electronics,2,100.0,22,Female,2023-03-25,Hemat
CUST077,S005,Clothing,2,100.0,47,Female,2023-07-09,Hemat
CUST078,S001,Clothing,3,1500.0,47,Female,2023-07-01,Sultan
CUST079,S001,Beauty,1,300.0,34,Male,2023-04-18,Hemat
CUST080,S001,Clothing,2,60.0,64,Female,2023-12-10,Hemat
CUST081,S002,Electronics,1,50.0,40,Male,2023-05-17,Hemat
CUST082,S002,Beauty,4,200.0,32,Female,2023-12-26,Hemat
CUST083,S005,Electronics,2,100.0,54,Male,2023-12-16,Hemat
CUST084,S003,Electronics,3,90.0,38,Female,2023-11-28,Hemat
CUST085,S002,Clothing,3,150.0,31,Male,2023-02-06,Hemat
CUST086,S001,Beauty,3,90.0,19,Male,2023-11-08,Hemat
CUST087,S001,Beauty,2,100.0,28,Female,2023-11-22,Hemat
CUST088,S004,Clothing,1,500.0,56,Male,2023-03-29,Hemat
CUST089,S005,Electronics,4,2000.0,55,Female,2023-10-01,Sultan
CUST090,S003,Electronics,1,30.0,51,Female,2023-05-06,Hemat
CUST091,S002,Electronics,1,500.0,55,Female,2023-03-25,Hemat
CUST092,S004,Electronics,4,120.0,51,Female,2023-08-25,Hemat
CUST093,S005,Beauty,4,2000.0,35,Female,2023-07-14,Sultan
CUST094,S003,Beauty,2,1000.0,47,Female,2023-05-19,Reguler
CUST095,S001,Clothing,2,60.0,32,Female,2023-11-24,Hemat
CUST096,S001,Clothing,2,600.0,44,Female,2023-12-19,Reguler
CUST097,S003,Beauty,2,1000.0,51,Female,2023-10-13,Reguler
CUST098,S003,Beauty,2,100.0,55,Female,2023-04-23,Hemat
CUST099,S001,Electronics,4,1200.0,50,Female,2023-12-17,Reguler
CUST100,S003,Electronics,1,30.0,41,Male,2023-06-16,Hemat
CUST101,S003,Clothing,2,600.0,32,Male,2023-01-29,Reguler
CUST102,S005,Beauty,2,50.0,47,Female,2023-04-28,Hemat
CUST103,S002,Clothing,1,25.0,59,Female,2023-01-17,Hemat
CUST104,S001,Beauty,2,1000.0,34,Female,2023-06-11,Reguler
CUST105,S001,Electronics,1,500.0,22,Female,2023-07-25,Hemat
CUST106,S003,Clothing,1,50.0,46,Female,2023-05-18,Hemat
CUST107,S001,Clothing,4,1200.0,21,Female,2023-02-03,Reguler
CUST108,S004,Beauty,3,75.0,27,Female,2023-04-19,Hemat
CUST109,S002,Electronics,4,2000.0,34,Female,2023-10-18,Sultan
CUST110,S003,Clothing,3,900.0,27,Male,2023-06-11,Reguler
CUST111,S004,Electronics,3,1500.0,34,Female,2023-04-19,Sultan
CUST112,S004,Clothing,3,1500.0,37,Male,2023-12-02,Sultan
CUST113,S005,Electronics,2,50.0,41,Female,2023-09-13,Hemat
CUST114,S005,Beauty,4,100.0,22,Female,2023-07-22,Hemat
CUST115,S004,Clothing,3,1500.0,51,Male,2023-11-26,Sultan
CUST116,S004,Clothing,1,30.0,23,Female,2023-08-23,Hemat
CUST117,S003,Electronics,2,1000.0,19,Male,2023-03-15,Reguler
CUST118,S005,Electronics,4,2000.0,30,Female,2023-05-16,Sultan
CUST119,S002,Clothing,3,150.0,60,Female,2023-03-13,Hemat
CUST120,S002,Beauty,1,50.0,60,Male,2023-05-07,Hemat
CUST121,S002,Electronics,4,200.0,28,Female,2023-10-15,Hemat
CUST122,S005,Electronics,4,120.0,64,Male,2023-10-03,Hemat
CUST123,S003,Electronics,2,60.0,40,Female,2023-05-15,Hemat
CUST124,S003,Clothing,4,2000.0,33,Male,2023-10-27,Sultan
CUST125,S003,Clothing,2,100.0,48,Male,2023-08-08,Hemat
CUST126,S003,Clothing,3,90.0,28,Female,2023-10-26,Hemat
CUST127,S001,Clothing,2,50.0,33,Female,2023-07-24,Hemat
CUST128,S004,Beauty,1,500.0,25,Male,2023-07-05,Hemat
CUST129,S004,Beauty,2,600.0,21,Female,2023-04-23,Reguler
CUST130,S004,Clothing,1,500.0,57,Female,2023-03-12,Hemat
CUST131,S005,Beauty,2,600.0,21,Female,2023-09-18,Reguler
CUST132,S005,Electronics,4,200.0,42,Male,2023-09-10,Hemat
CUST133,S002,Electronics,3,900.0,20,Male,2023-02-16,Reguler
CUST134,S001,Electronics,1,50.0,49,Male,2023-01-25,Hemat
CUST135,S003,Clothing,2,50.0,20,Male,2023-02-26,Hemat
CUST136,S002,Electronics,2,600.0,44,Male,2023-03-20,Reguler
CUST137,S001,Beauty,2,1000.0,46,Male,2023-11-18,Reguler
CUST138,S004,Clothing,4,200.0,49,Male,2023-03-23,Hemat
CUST139,S003,Beauty,4,2000.0,36,Male,2023-12-15,Sultan
CUST140,S005,Electronics,1,30.0,38,Male,2023-08-05,Hemat
CUST141,S005,Electronics,1,50.0,22,Female,2023-11-02,Hemat
CUST142,S002,Electronics,4,1200.0,35,Male,2023-02-02,Reguler
CUST143,S004,Clothing,1,50.0,45,Female,2023-07-17,Hemat
CUST144,S005,Beauty,3,1500.0,59,Female,2023-07-15,Sultan
CUST145,S004,Clothing,3,75.0,39,Female,2023-11-02,Hemat
CUST146,S003,Clothing,4,200.0,38,Male,2023-08-28,Hemat
CUST147,S001,Electronics,1,300.0,23,Male,2023-09-28,Hemat
CUST148,S002,Clothing,2,60.0,18,Male,2023-05-09,Hemat
CUST149,S003,Clothing,3,75.0,22,Male,2023-10-11,Hemat
CUST150,S001,Electronics,4,120.0,58,Female,2023-01-06,Hemat
CUST151,S003,Clothing,1,50.0,29,Male,2023-12-15,Hemat
CUST152,S003,Electronics,4,2000.0,43,Male,2023-02-28,Sultan
CUST153,S002,Electronics,2,1000.0,63,Male,2023-12-16,Reguler
CUST154,S005,Electronics,3,900.0,51,Male,2023-10-02,Reguler
CUST155,S003,Electronics,4,2000.0,31,Male,2023-05-17,Sultan
CUST156,S001,Clothing,4,100.0,43,Female,2023-11-25,Hemat
CUST157,S003,Electronics,4,2000.0,62,Male,2023-06-24,Sultan
CUST158,S001,Electronics,2,600.0,44,Female,2023-02-27,Reguler
CUST159,S001,Clothing,4,200.0,26,Male,2023-05-31,Hemat
CUST160,S001,Clothing,2,100.0,43,Female,2023-08-11,Hemat
CUST161,S002,Beauty,2,1000.0,64,Male,2023-03-22,Reguler
CUST162,S002,Clothing,2,60.0,39,Male,2023-08-21,Hemat
CUST163,S005,Clothing,3,150.0,64,Female,2023-01-02,Hemat
CUST164,S001,Beauty,3,1500.0,47,Female,2023-05-15,Sultan
CUST165,S004,Clothing,4,1200.0,60,Female,2023-09-14,Reguler
CUST166,S002,Clothing,4,2000.0,34,Male,2023-04-02,Sultan
CUST167,S005,Clothing,3,150.0,43,Female,2023-09-17,Hemat
CUST168,S004,Clothing,1,300.0,53,Male,2023-02-24,Hemat
CUST169,S002,Beauty,3,1500.0,18,Male,2023-11-17,Sultan
CUST170,S001,Clothing,2,50.0,25,Female,2023-06-02,Hemat
CUST171,S005,Clothing,3,900.0,52,Female,2023-11-24,Reguler
CUST172,S001,Beauty,2,50.0,32,Male,2023-09-17,Hemat
CUST173,S003,Electronics,4,120.0,64,Male,2023-11-08,Hemat
CUST174,S005,Beauty,1,300.0,39,Female,2023-04-12,Hemat
CUST175,S003,Electronics,4,100.0,31,Female,2023-03-20,Hemat
CUST176,S005,Beauty,2,100.0,43,Female,2023-07-11,Hemat
CUST177,S001,Beauty,2,100.0,45,Male,2023-03-24,Hemat
CUST178,S004,Clothing,2,60.0,40,Male,2023-10-04,Hemat
CUST179,S002,Electronics,1,300.0,31,Male,2023-09-29,Hemat
CUST180,S005,Clothing,3,900.0,41,Male,2023-01-01,Reguler
CUST181,S003,Electronics,4,1200.0,19,Male,2023-11-03,Reguler
CUST182,S002,Beauty,4,120.0,62,Male,2023-06-15,Hemat
CUST183,S004,Beauty,3,900.0,43,Female,2023-09-08,Reguler
CUST184,S005,Electronics,4,200.0,31,Male,2023-01-10,Hemat
CUST185,S001,Clothing,1,25.0,24,Male,2023-02-27,Hemat
CUST186,S003,Clothing,4,200.0,20,Male,2023-07-05,Hemat
CUST187,S004,Clothing,2,100.0,64,Female,2023-06-07,Hemat
CUST188,S001,Clothing,3,75.0,40,Male,2023-05-03,Hemat
CUST189,S004,Beauty,1,50.0,63,Male,2023-01-30,Hemat
CUST190,S002,Beauty,3,90.0,60,Female,2023-05-04,Hemat
CUST191,S001,Beauty,1,25.0,64,Male,2023-10-18,Hemat
CUST192,S004,Beauty,2,100.0,62,Male,2023-02-10,Hemat
CUST193,S001,Beauty,3,1500.0,35,Male,2023-02-13,Sultan
CUST194,S004,Clothing,4,200.0,55,Male,2023-09-06,Hemat
CUST195,S001,Clothing,1,30.0,52,Male,2023-02-05,Hemat
CUST196,S004,Clothing,3,900.0,32,Female,2023-09-30,Reguler
CUST197,S004,Clothing,4,200.0,42,Female,2023-03-06,Hemat
CUST198,S003,Beauty,3,900.0,54,Female,2023-03-07,Reguler
CUST199,S005,Beauty,3,1500.0,45,Male,2023-12-04,Sultan
CUST200,S003,Beauty,3,150.0,27,Male,2023-09-01,Hemat
CUST201,S004,Electronics,1,25.0,56,Male,2023-10-09,Hemat
CUST202,S004,Clothing,4,1200.0,34,Female,2023-03-26,Reguler
CUST203,S002,Clothing,2,1000.0,56,Male,2023-05-16,Reguler
CUST204,S005,Beauty,1,25.0,39,Male,2023-09-28,Hemat
CUST205,S004,Clothing,1,25.0,43,Female,2023-11-07,Hemat
CUST206,S004,Clothing,1,25.0,61,Male,2023-08-05,Hemat
CUST207,S001,Beauty,2,50.0,42,Female,2023-04-19,Hemat
CUST208,S002,Electronics,4,200.0,34,Female,2023-10-04,Hemat
CUST209,S003,Electronics,4,200.0,30,Female,2023-12-20,Hemat
CUST210,S001,Electronics,4,200.0,37,Male,2023-04-13,Hemat
CUST211,S002,Beauty,3,1500.0,42,Male,2024-01-01,Sultan
CUST212,S005,Clothing,3,1500.0,21,Male,2023-06-09,Sultan
CUST213,S005,Beauty,3,1500.0,27,Male,2023-07-24,Sultan
CUST214,S005,Beauty,2,60.0,20,Male,2023-12-10,Hemat
CUST215,S004,Clothing,3,1500.0,58,Male,2023-11-29,Sultan
CUST216,S003,Electronics,2,100.0,62,Male,2023-07-11,Hemat
CUST217,S004,Electronics,4,200.0,35,Female,2023-08-13,Hemat
CUST218,S001,Beauty,3,90.0,64,Male,2023-09-22,Hemat
CUST219,S004,Electronics,3,90.0,53,Female,2023-08-20,Hemat
CUST220,S003,Beauty,1,500.0,64,Male,2023-03-03,Hemat
CUST221,S002,Beauty,2,600.0,39,Male,2023-05-07,Reguler
CUST222,S004,Clothing,4,120.0,51,Male,2023-04-26,Hemat
CUST223,S004,Clothing,1,25.0,64,Female,2023-02-02,Hemat
CUST224,S003,Clothing,1,50.0,25,Female,2023-06-23,Hemat
CUST225,S003,Beauty,4,100.0,57,Female,2023-01-11,Hemat
CUST226,S004,Clothing,1,50.0,61,Female,2023-10-29,Hemat
CUST227,S003,Electronics,2,100.0,36,Male,2023-10-11,Hemat
CUST228,S005,Electronics,2,60.0,59,Female,2023-04-28,Hemat
CUST229,S002,Beauty,3,90.0,58,Male,2023-10-29,Hemat
CUST230,S003,Beauty,1,25.0,54,Male,2023-04-23,Hemat
CUST231,S001,Clothing,3,150.0,23,Female,2023-01-04,Hemat
CUST232,S004,Beauty,1,25.0,43,Female,2023-02-06,Hemat
CUST233,S004,Beauty,2,600.0,51,Female,2023-12-29,Reguler
CUST234,S001,Electronics,2,50.0,62,Female,2023-11-20,Hemat
CUST235,S005,Electronics,2,1000.0,23,Female,2023-01-31,Reguler
CUST236,S003,Clothing,1,25.0,54,Female,2023-04-28,Hemat
CUST237,S003,Beauty,2,1000.0,50,Female,2023-02-04,Reguler
CUST238,S004,Beauty,1,500.0,39,Female,2023-01-17,Hemat
CUST239,S003,Electronics,3,1500.0,38,Male,2023-06-19,Sultan
CUST240,S004,Beauty,1,300.0,23,Female,2023-02-06,Hemat
CUST241,S001,Electronics,3,75.0,23,Female,2023-09-21,Hemat
CUST242,S002,Clothing,1,25.0,21,Male,2023-05-02,Hemat
CUST243,S002,Electronics,3,900.0,47,Female,2023-05-23,Reguler
CUST244,S001,Beauty,2,100.0,28,Male,2023-12-09,Hemat
CUST245,S004,Clothing,3,90.0,47,Male,2023-09-06,Hemat
CUST246,S005,Electronics,2,50.0,48,Female,2023-04-20,Hemat
CUST247,S002,Electronics,2,60.0,41,Male,2023-10-04,Hemat
CUST248,S003,Clothing,3,900.0,26,Male,2023-03-09,Reguler
CUST249,S001,Clothing,1,50.0,20,Male,2023-10-20,Hemat
CUST250,S002,Electronics,1,50.0,48,Male,2023-10-23,Hemat
CUST251,S004,Beauty,4,200.0,57,Female,2023-08-31,Hemat
CUST252,S001,Electronics,1,300.0,54,Male,2023-05-05,Hemat
CUST253,S003,Clothing,4,2000.0,53,Female,2023-08-31,Sultan
CUST254,S002,Electronics,1,500.0,41,Male,2023-07-28,Hemat
CUST255,S004,Clothing,1,30.0,48,Male,2023-04-08,Hemat
CUST256,S005,Clothing,2,1000.0,23,Male,2023-02-18,Reguler
CUST257,S001,Beauty,4,2000.0,19,Male,2023-02-19,Sultan
CUST258,S005,Clothing,1,50.0,37,Female,2023-12-04,Hemat
CUST259,S003,Clothing,4,200.0,45,Female,2023-08-09,Hemat
CUST260,S005,Beauty,2,60.0,28,Male,2023-07-01,Hemat
CUST261,S002,Clothing,2,50.0,21,Male,2023-08-05,Hemat
CUST262,S005,Beauty,4,120.0,32,Female,2023-07-30,Hemat
CUST263,S004,Beauty,2,60.0,23,Male,2023-08-28,Hemat
CUST264,S004,Clothing,3,900.0,47,Male,2023-01-28,Reguler
CUST265,S003,Clothing,3,900.0,55,Male,2023-12-11,Reguler
CUST266,S003,Electronics,2,60.0,19,Female,2023-12-01,Hemat
CUST267,S001,Beauty,3,90.0,32,Female,2023-11-27,Hemat
CUST268,S002,Electronics,1,30.0,28,Female,2023-02-20,Hemat
CUST269,S005,Clothing,4,2000.0,25,Male,2023-02-01,Sultan
CUST270,S005,Electronics,1,300.0,43,Male,2023-07-26,Hemat
CUST271,S001,Beauty,4,120.0,62,Female,2023-06-23,Hemat
CUST272,S004,Electronics,2,100.0,61,Female,2023-02-25,Hemat
CUST273,S004,Beauty,1,50.0,22,Female,2023-05-08,Hemat
CUST274,S005,Clothing,2,1000.0,23,Female,2023-04-09,Reguler
CUST275,S003,Clothing,2,1000.0,43,Male,2023-04-08,Reguler
CUST276,S004,Beauty,4,100.0,21,Female,2023-10-02,Hemat
CUST277,S004,Clothing,4,100.0,36,Male,2023-08-18,Hemat
CUST278,S002,Clothing,4,100.0,37,Female,2023-03-13,Hemat
CUST279,S001,Clothing,1,500.0,50,Male,2023-08-05,Hemat
CUST280,S001,Clothing,3,1500.0,37,Female,2023-04-04,Sultan
CUST281,S002,Beauty,4,2000.0,29,Female,2023-05-23,Sultan
CUST282,S005,Electronics,4,200.0,64,Female,2023-08-25,Hemat
CUST283,S003,Electronics,1,500.0,18,Female,2023-05-08,Hemat
CUST284,S001,Clothing,4,200.0,43,Male,2023-02-08,Hemat
CUST285,S002,Electronics,1,25.0,31,Female,2023-08-15,Hemat
CUST286,S002,Electronics,2,50.0,55,Male,2023-10-09,Hemat
CUST287,S001,Clothing,4,100.0,54,Male,2023-02-20,Hemat
CUST288,S002,Clothing,4,120.0,28,Male,2023-01-26,Hemat
CUST289,S001,Electronics,2,60.0,53,Male,2023-11-30,Hemat
CUST290,S003,Beauty,2,600.0,30,Female,2023-10-04,Reguler
CUST291,S002,Clothing,2,600.0,60,Male,2023-01-08,Reguler
CUST292,S001,Beauty,4,1200.0,20,Male,2023-02-17,Reguler
CUST293,S004,Electronics,3,90.0,50,Male,2023-05-02,Hemat
CUST294,S001,Clothing,3,90.0,23,Female,2023-03-27,Hemat
CUST295,S005,Beauty,3,900.0,27,Female,2023-07-28,Reguler
CUST296,S003,Clothing,4,1200.0,22,Female,2023-09-06,Reguler
CUST297,S003,Electronics,2,1000.0,40,Female,2023-09-04,Reguler
CUST298,S005,Beauty,4,1200.0,27,Male,2023-04-20,Reguler
CUST299,S005,Electronics,2,1000.0,61,Male,2023-07-25,Reguler
CUST300,S002,Electronics,4,200.0,19,Female,2023-01-31,Hemat
CUST301,S005,Clothing,4,120.0,30,Male,2023-03-26,Hemat
CUST302,S004,Beauty,2,600.0,57,Male,2023-07-14,Reguler
CUST303,S004,Electronics,3,90.0,19,Male,2023-01-02,Hemat
CUST304,S001,Electronics,2,60.0,37,Female,2023-07-19,Hemat
CUST305,S003,Beauty,1,30.0,18,Female,2023-05-16,Hemat
CUST306,S004,Electronics,1,50.0,54,Male,2023-08-21,Hemat
CUST307,S001,Electronics,2,50.0,26,Female,2023-05-27,Hemat
CUST308,S002,Beauty,4,1200.0,34,Female,2023-08-05,Reguler
CUST309,S004,Beauty,1,25.0,26,Female,2023-12-23,Hemat
CUST310,S001,Beauty,1,25.0,28,Female,2023-10-12,Hemat
CUST311,S003,Beauty,4,100.0,32,Female,2023-12-05,Hemat
CUST312,S005,Clothing,4,120.0,41,Male,2023-09-07,Hemat
CUST313,S004,Beauty,3,1500.0,55,Female,2023-03-21,Sultan
CUST314,S004,Clothing,4,120.0,52,Male,2023-04-08,Hemat
CUST315,S002,Clothing,2,60.0,47,Male,2023-06-01,Hemat
CUST316,S001,Clothing,2,50.0,48,Female,2023-04-22,Hemat
CUST317,S003,Electronics,3,90.0,22,Male,2023-01-30,Hemat
CUST318,S002,Clothing,1,25.0,61,Male,2023-10-24,Hemat
CUST319,S005,Clothing,1,500.0,31,Male,2023-10-05,Hemat
CUST320,S004,Electronics,4,1200.0,28,Female,2023-02-01,Reguler
CUST321,S004,Electronics,2,50.0,26,Female,2023-06-10,Hemat
CUST322,S005,Electronics,1,500.0,51,Male,2023-01-30,Hemat
CUST323,S001,Beauty,3,900.0,29,Female,2023-01-26,Reguler
CUST324,S005,Electronics,3,150.0,52,Female,2023-10-27,Hemat
CUST325,S004,Electronics,2,50.0,52,Female,2023-09-02,Hemat
CUST326,S003,Clothing,3,75.0,18,Female,2023-09-15,Hemat
CUST327,S002,Electronics,3,150.0,57,Male,2023-09-29,Hemat
CUST328,S001,Beauty,2,100.0,39,Male,2023-03-22,Hemat
CUST329,S002,Electronics,4,100.0,46,Female,2023-01-30,Hemat
CUST330,S002,Beauty,4,200.0,25,Female,2023-09-18,Hemat
CUST331,S004,Electronics,3,90.0,28,Male,2023-02-11,Hemat
CUST332,S003,Electronics,4,1200.0,58,Male,2023-04-06,Reguler
CUST333,S004,Electronics,4,1200.0,54,Female,2023-02-05,Reguler
CUST334,S005,Electronics,3,900.0,31,Male,2023-11-01,Reguler
CUST335,S001,Beauty,4,120.0,47,Female,2023-02-04,Hemat
CUST336,S002,Beauty,3,150.0,52,Female,2023-12-12,Hemat
CUST337,S005,Clothing,1,500.0,38,Male,2023-05-01,Hemat
CUST338,S001,Beauty,2,100.0,54,Male,2023-07-26,Hemat
CUST339,S005,Electronics,2,50.0,22,Female,2023-03-03,Hemat
CUST340,S003,Clothing,4,1200.0,36,Female,2023-10-19,Reguler
CUST341,S005,Clothing,4,200.0,31,Male,2023-05-07,Hemat
CUST342,S005,Clothing,4,2000.0,43,Female,2023-10-24,Sultan
CUST343,S005,Electronics,2,50.0,21,Male,2023-11-01,Hemat
CUST344,S001,Beauty,1,30.0,42,Female,2023-01-21,Hemat
CUST345,S003,Electronics,1,30.0,62,Male,2023-11-14,Hemat
CUST346,S005,Clothing,2,1000.0,59,Male,2023-02-11,Reguler
CUST347,S005,Electronics,1,25.0,42,Male,2023-08-03,Hemat
CUST348,S004,Electronics,2,600.0,35,Female,2023-12-03,Reguler
CUST349,S005,Beauty,1,50.0,57,Female,2023-10-26,Hemat
CUST350,S001,Beauty,3,75.0,25,Male,2023-10-17,Hemat
CUST351,S001,Clothing,3,90.0,56,Female,2023-09-25,Hemat
CUST352,S003,Electronics,2,1000.0,57,Male,2023-06-11,Reguler
CUST353,S004,Electronics,1,500.0,31,Male,2023-05-14,Hemat
CUST354,S001,Beauty,4,200.0,49,Female,2023-04-15,Hemat
CUST355,S004,Electronics,1,500.0,55,Female,2023-12-09,Hemat
CUST356,S005,Electronics,3,1500.0,50,Male,2023-06-10,Sultan
CUST357,S004,Electronics,3,75.0,40,Female,2023-05-03,Hemat
CUST358,S005,Beauty,1,300.0,32,Female,2023-05-16,Hemat
CUST359,S004,Clothing,1,50.0,50,Male,2023-07-22,Hemat
CUST360,S005,Clothing,4,100.0,42,Male,2023-03-09,Hemat
CUST361,S004,Electronics,4,1200.0,34,Female,2023-12-10,Reguler
CUST362,S002,Clothing,1,25.0,50,Male,2023-11-27,Hemat
CUST363,S004,Beauty,1,25.0,64,Male,2023-06-03,Hemat
CUST364,S001,Beauty,1,500.0,19,Female,2023-08-23,Hemat
CUST365,S001,Clothing,1,300.0,31,Male,2023-06-11,Hemat
CUST366,S001,Clothing,2,100.0,57,Male,2023-02-07,Hemat
CUST367,S005,Electronics,1,50.0,57,Female,2023-01-05,Hemat
CUST368,S003,Clothing,4,1200.0,56,Female,2023-08-23,Reguler
CUST369,S002,Electronics,3,1500.0,23,Male,2023-11-15,Sultan
CUST370,S004,Electronics,2,60.0,23,Male,2023-10-16,Hemat
CUST371,S004,Beauty,1,25.0,20,Female,2023-02-21,Hemat
CUST372,S005,Beauty,3,1500.0,24,Female,2023-02-07,Sultan
CUST373,S004,Beauty,2,600.0,25,Female,2023-10-03,Reguler
CUST374,S005,Beauty,3,75.0,59,Female,2023-04-20,Hemat
CUST375,S001,Clothing,1,50.0,32,Male,2023-09-17,Hemat
CUST376,S002,Beauty,1,30.0,64,Female,2023-05-16,Hemat
CUST377,S002,Clothing,4,200.0,46,Female,2023-03-09,Hemat
CUST378,S004,Beauty,1,300.0,50,Male,2023-06-28,Hemat
CUST379,S002,Clothing,1,25.0,47,Female,2023-02-05,Hemat
CUST380,S001,Electronics,2,600.0,56,Male,2023-05-06,Reguler
CUST381,S001,Clothing,4,100.0,44,Female,2023-07-09,Hemat
CUST382,S003,Clothing,2,1000.0,53,Female,2023-05-26,Reguler
CUST383,S003,Beauty,3,90.0,46,Female,2023-03-22,Hemat
CUST384,S003,Clothing,1,500.0,55,Male,2023-08-13,Hemat
CUST385,S002,Electronics,3,1500.0,50,Male,2023-10-06,Sultan
CUST386,S001,Electronics,2,600.0,54,Female,2023-12-27,Reguler
CUST387,S005,Beauty,1,30.0,44,Male,2023-06-04,Hemat
CUST388,S005,Electronics,1,25.0,50,Male,2023-11-10,Hemat
CUST389,S001,Clothing,2,50.0,21,Male,2023-12-01,Hemat
CUST390,S001,Electronics,2,100.0,39,Male,2023-09-28,Hemat
CUST391,S002,Beauty,2,50.0,19,Male,2023-01-05,Hemat
CUST392,S001,Clothing,2,600.0,27,Male,2023-12-08,Reguler
CUST393,S004,Beauty,2,1000.0,22,Female,2023-10-11,Reguler
CUST394,S004,Clothing,1,500.0,27,Female,2023-06-03,Hemat
CUST395,S002,Electronics,2,1000.0,50,Male,2023-12-06,Reguler
CUST396,S001,Beauty,1,30.0,55,Female,2023-02-23,Hemat
CUST397,S001,Beauty,1,25.0,30,Female,2023-03-10,Hemat
CUST398,S001,Clothing,2,600.0,48,Female,2023-05-16,Reguler
CUST399,S002,Beauty,2,60.0,64,Female,2023-03-01,Hemat
CUST400,S004,Clothing,4,200.0,53,Male,2023-02-24,Hemat
CUST401,S003,Clothing,1,300.0,62,Female,2023-10-11,Hemat
CUST402,S001,Clothing,2,600.0,41,Female,2023-03-21,Reguler
CUST403,S003,Clothing,2,600.0,32,Male,2023-05-20,Reguler
CUST404,S005,Electronics,2,1000.0,46,Male,2023-05-25,Reguler
CUST405,S001,Clothing,4,1200.0,25,Female,2023-11-06,Reguler
CUST406,S004,Beauty,4,100.0,22,Female,2023-04-18,Hemat
CUST407,S005,Electronics,3,900.0,46,Female,2023-06-25,Reguler
CUST408,S002,Beauty,1,500.0,64,Female,2023-04-15,Hemat
CUST409,S003,Electronics,3,900.0,21,Female,2023-12-18,Reguler
CUST410,S002,Clothing,2,100.0,29,Female,2023-11-21,Hemat
CUST411,S004,Electronics,4,200.0,62,Male,2023-05-16,Hemat
CUST412,S002,Electronics,4,2000.0,19,Female,2023-09-16,Sultan
CUST413,S005,Beauty,3,75.0,44,Female,2023-09-08,Hemat
CUST414,S005,Beauty,4,100.0,48,Male,2023-05-09,Hemat
CUST415,S002,Clothing,2,60.0,53,Male,2023-01-27,Hemat
CUST416,S005,Electronics,4,2000.0,53,Male,2023-02-17,Sultan
CUST417,S001,Electronics,3,900.0,43,Male,2023-11-21,Reguler
CUST418,S001,Electronics,2,1000.0,60,Female,2023-08-05,Reguler
CUST419,S003,Clothing,3,90.0,44,Female,2023-05-22,Hemat
CUST420,S004,Clothing,4,2000.0,22,Female,2023-01-23,Sultan
CUST421,S003,Clothing,3,1500.0,37,Female,2023-01-02,Sultan
CUST422,S004,Clothing,3,90.0,28,Female,2023-06-20,Hemat
CUST423,S003,Clothing,1,25.0,27,Female,2023-03-08,Hemat
CUST424,S001,Beauty,4,1200.0,57,Male,2023-11-23,Reguler
CUST425,S004,Electronics,4,120.0,55,Female,2023-05-15,Hemat
CUST426,S001,Electronics,3,150.0,23,Male,2023-03-24,Hemat
CUST427,S005,Electronics,1,25.0,25,Male,2023-08-15,Hemat
CUST428,S001,Electronics,4,200.0,40,Female,2023-10-10,Hemat
CUST429,S004,Electronics,2,50.0,64,Male,2023-12-28,Hemat
CUST430,S001,Electronics,3,900.0,43,Female,2023-08-07,Reguler
CUST431,S001,Electronics,4,1200.0,63,Male,2023-10-15,Reguler
CUST432,S004,Electronics,2,1000.0,60,Female,2023-01-05,Reguler
CUST433,S003,Beauty,4,200.0,29,Male,2023-02-27,Hemat
CUST434,S001,Electronics,2,50.0,43,Female,2023-02-08,Hemat
CUST435,S001,Beauty,3,900.0,30,Female,2023-12-20,Reguler
CUST436,S005,Clothing,4,120.0,57,Female,2023-03-18,Hemat
CUST437,S002,Electronics,4,1200.0,35,Female,2023-10-07,Reguler
CUST438,S001,Clothing,1,30.0,42,Female,2023-01-19,Hemat
CUST439,S002,Clothing,3,75.0,50,Male,2023-07-09,Hemat
CUST440,S004,Clothing,2,600.0,64,Male,2023-10-26,Reguler
CUST441,S001,Beauty,4,1200.0,57,Male,2023-10-10,Reguler
CUST442,S002,Clothing,4,100.0,60,Female,2023-03-17,Hemat
CUST443,S004,Clothing,2,600.0,29,Male,2023-08-09,Reguler
CUST444,S001,Clothing,3,90.0,61,Female,2023-03-07,Hemat
CUST445,S005,Electronics,1,300.0,53,Female,2023-01-22,Hemat
CUST446,S002,Electronics,1,50.0,21,Male,2023-06-07,Hemat
CUST447,S004,Beauty,4,2000.0,22,Male,2023-07-06,Sultan
CUST448,S003,Beauty,2,60.0,54,Female,2023-01-21,Hemat
CUST449,S001,Electronics,4,200.0,25,Male,2023-07-03,Hemat
CUST450,S002,Beauty,2,50.0,59,Female,2023-04-18,Hemat
CUST451,S004,Electronics,1,30.0,45,Female,2023-12-16,Hemat
CUST452,S001,Clothing,3,1500.0,48,Female,2023-05-08,Sultan
CUST453,S005,Clothing,2,1000.0,26,Female,2023-12-08,Reguler
CUST454,S004,Beauty,1,25.0,46,Female,2023-02-22,Hemat
CUST455,S005,Electronics,4,100.0,31,Male,2023-07-01,Hemat
CUST456,S002,Electronics,2,60.0,57,Male,2023-10-14,Hemat
CUST457,S002,Beauty,3,900.0,58,Female,2023-07-28,Reguler
CUST458,S003,Electronics,4,100.0,39,Female,2023-11-14,Hemat
CUST459,S001,Clothing,4,1200.0,28,Male,2023-03-21,Reguler
CUST460,S005,Beauty,1,50.0,40,Male,2023-05-02,Hemat
CUST461,S002,Beauty,2,1000.0,18,Female,2023-03-25,Reguler
CUST462,S004,Electronics,4,1200.0,63,Male,2023-04-01,Reguler
CUST463,S003,Beauty,3,1500.0,54,Female,2023-07-31,Sultan
CUST464,S001,Electronics,2,600.0,38,Male,2023-01-13,Reguler
CUST465,S001,Electronics,3,150.0,43,Female,2023-04-02,Hemat
CUST466,S003,Electronics,4,100.0,63,Male,2023-06-20,Hemat
CUST467,S003,Electronics,3,150.0,53,Female,2023-07-30,Hemat
CUST468,S002,Electronics,1,25.0,40,Male,2023-12-09,Hemat
CUST469,S001,Beauty,3,75.0,18,Male,2023-05-08,Hemat
CUST470,S004,Clothing,2,1000.0,57,Female,2023-05-17,Reguler
CUST471,S003,Clothing,3,150.0,32,Male,2023-03-23,Hemat
CUST472,S005,Beauty,3,900.0,38,Female,2023-12-26,Reguler
CUST473,S003,Beauty,1,50.0,64,Male,2023-02-25,Hemat
CUST474,S002,Clothing,3,1500.0,26,Female,2023-07-15,Sultan
CUST475,S004,Clothing,3,75.0,26,Male,2023-01-20,Hemat
CUST476,S004,Clothing,4,2000.0,27,Female,2023-08-29,Sultan
CUST477,S005,Clothing,4,120.0,43,Male,2023-04-24,Hemat
CUST478,S002,Clothing,2,60.0,58,Female,2023-04-13,Hemat
CUST479,S001,Electronics,4,1200.0,52,Male,2023-08-24,Reguler
CUST480,S001,Beauty,4,2000.0,42,Female,2023-06-29,Sultan
CUST481,S001,Electronics,4,1200.0,43,Female,2023-06-06,Reguler
CUST482,S004,Clothing,4,1200.0,28,Female,2023-04-27,Reguler
CUST483,S005,Clothing,1,30.0,55,Male,2023-04-25,Hemat
CUST484,S002,Clothing,4,1200.0,19,Female,2023-01-13,Reguler
CUST485,S003,Electronics,1,30.0,24,Male,2023-12-04,Hemat
CUST486,S004,Electronics,1,25.0,35,Female,2023-04-09,Hemat
CUST487,S001,Clothing,4,2000.0,44,Male,2023-07-24,Sultan
CUST488,S004,Electronics,3,900.0,51,Female,2023-06-18,Reguler
CUST489,S005,Electronics,1,30.0,44,Male,2023-05-23,Hemat
CUST490,S002,Clothing,3,150.0,34,Male,2023-02-05,Hemat
CUST491,S005,Electronics,3,900.0,60,Female,2023-05-23,Reguler
CUST492,S002,Beauty,4,100.0,61,Male,2023-06-29,Hemat
CUST493,S001,Beauty,2,50.0,41,Male,2023-11-25,Hemat
CUST494,S003,Beauty,4,200.0,42,Female,2023-09-18,Hemat
CUST495,S002,Beauty,2,60.0,24,Male,2023-07-24,Hemat
CUST496,S001,Clothing,2,600.0,23,Male,2023-12-14,Reguler
CUST497,S003,Clothing,4,120.0,41,Male,2023-10-02,Hemat
CUST498,S003,Clothing,4,100.0,50,Female,2023-06-19,Hemat
CUST499,S001,Beauty,2,60.0,46,Male,2023-01-15,Hemat
CUST500,S002,Beauty,4,100.0,60,Female,2023-03-01,Hemat
CUST501,S003,Electronics,2,60.0,39,Male,2023-05-14,Hemat
CUST502,S005,Electronics,3,150.0,43,Male,2023-04-02,Hemat
CUST503,S001,Beauty,4,2000.0,45,Male,2023-10-25,Sultan
CUST504,S002,Beauty,3,150.0,38,Female,2023-05-16,Hemat
CUST505,S004,Beauty,1,50.0,24,Male,2023-01-20,Hemat
CUST506,S002,Beauty,3,1500.0,34,Male,2023-02-25,Sultan
CUST507,S005,Electronics,3,1500.0,37,Female,2023-11-02,Sultan
CUST508,S004,Beauty,2,600.0,58,Male,2023-08-11,Reguler
CUST509,S002,Electronics,3,900.0,37,Female,2023-06-26,Reguler
CUST510,S004,Beauty,4,200.0,39,Female,2023-06-10,Hemat
CUST511,S004,Beauty,2,100.0,45,Male,2023-08-12,Hemat
CUST512,S004,Beauty,1,25.0,57,Female,2023-11-07,Hemat
CUST513,S001,Electronics,4,100.0,24,Male,2023-09-19,Hemat
CUST514,S005,Electronics,1,300.0,18,Female,2023-03-01,Hemat
CUST515,S002,Clothing,3,900.0,49,Female,2023-07-17,Reguler
CUST516,S005,Beauty,4,100.0,30,Male,2023-10-23,Hemat
CUST517,S004,Clothing,4,100.0,47,Female,2023-04-08,Hemat
CUST518,S005,Clothing,1,30.0,40,Female,2023-05-11,Hemat
CUST519,S005,Electronics,4,120.0,36,Female,2023-01-23,Hemat
CUST520,S003,Electronics,4,100.0,49,Female,2023-12-29,Hemat
CUST521,S004,Clothing,4,120.0,47,Female,2023-08-12,Hemat
CUST522,S003,Beauty,3,1500.0,46,Male,2023-01-01,Sultan
CUST523,S005,Electronics,1,300.0,62,Female,2023-09-24,Hemat
CUST524,S005,Beauty,4,1200.0,46,Male,2023-10-03,Reguler
CUST525,S005,Beauty,2,50.0,47,Female,2023-12-18,Hemat
CUST526,S005,Clothing,2,100.0,33,Male,2023-12-10,Hemat
CUST527,S001,Clothing,2,50.0,57,Male,2023-04-11,Hemat
CUST528,S005,Clothing,2,60.0,36,Female,2023-07-06,Hemat
CUST529,S001,Clothing,3,150.0,35,Female,2023-08-09,Hemat
CUST530,S001,Electronics,4,120.0,18,Female,2023-02-05,Hemat
CUST531,S005,Electronics,1,500.0,31,Male,2023-12-07,Hemat
CUST532,S001,Clothing,4,120.0,64,Female,2023-06-19,Hemat
CUST533,S004,Electronics,3,1500.0,19,Male,2023-11-16,Sultan
CUST534,S002,Clothing,2,1000.0,45,Male,2023-06-10,Reguler
CUST535,S003,Beauty,3,90.0,47,Male,2023-12-06,Hemat
CUST536,S002,Beauty,4,120.0,55,Female,2023-03-05,Hemat
CUST537,S002,Beauty,1,500.0,21,Female,2023-06-03,Hemat
CUST538,S002,Clothing,3,150.0,18,Male,2023-09-17,Hemat
CUST539,S001,Beauty,1,500.0,25,Male,2023-06-08,Hemat
CUST540,S005,Electronics,3,900.0,46,Female,2023-12-08,Reguler
CUST541,S004,Beauty,1,500.0,56,Male,2023-07-29,Hemat
CUST542,S005,Beauty,1,50.0,20,Female,2023-06-17,Hemat
CUST543,S002,Beauty,2,600.0,49,Male,2023-07-26,Reguler
CUST544,S005,Electronics,1,25.0,27,Female,2023-12-23,Hemat
CUST545,S002,Clothing,2,50.0,27,Male,2023-06-01,Hemat
CUST546,S001,Electronics,4,200.0,36,Female,2023-10-11,Hemat
CUST547,S004,Clothing,4,2000.0,63,Male,2023-03-07,Sultan
CUST548,S004,Clothing,2,60.0,51,Female,2023-04-09,Hemat
CUST549,S005,Beauty,2,100.0,50,Female,2023-08-04,Hemat
CUST550,S002,Clothing,3,900.0,40,Male,2023-12-07,Reguler
CUST551,S001,Electronics,3,900.0,45,Male,2023-07-14,Reguler
CUST552,S004,Electronics,3,75.0,49,Female,2023-12-13,Hemat
CUST553,S005,Clothing,4,1200.0,24,Male,2023-03-31,Reguler
CUST554,S005,Beauty,3,150.0,46,Female,2023-11-12,Hemat
CUST555,S003,Beauty,1,300.0,25,Male,2023-10-19,Hemat
CUST556,S005,Electronics,1,50.0,18,Female,2023-06-04,Hemat
CUST557,S002,Beauty,3,90.0,20,Female,2023-07-27,Hemat
CUST558,S004,Clothing,1,25.0,41,Female,2023-10-08,Hemat
CUST559,S002,Clothing,4,1200.0,40,Female,2023-01-01,Reguler
CUST560,S003,Electronics,1,50.0,25,Female,2023-06-05,Hemat
CUST561,S002,Clothing,4,2000.0,64,Female,2023-05-27,Sultan
CUST562,S003,Electronics,2,50.0,54,Male,2023-04-18,Hemat
CUST563,S001,Clothing,2,60.0,20,Male,2023-08-09,Hemat
CUST564,S003,Electronics,2,100.0,50,Male,2023-10-24,Hemat
CUST565,S001,Beauty,2,60.0,45,Female,2023-11-07,Hemat
CUST566,S005,Clothing,1,30.0,64,Female,2023-12-02,Hemat
CUST567,S004,Clothing,3,900.0,25,Female,2023-06-14,Reguler
CUST568,S004,Electronics,1,300.0,51,Female,2023-08-27,Hemat
CUST569,S004,Electronics,4,200.0,52,Male,2023-08-15,Hemat
CUST570,S002,Clothing,1,500.0,49,Male,2023-08-15,Hemat
CUST571,S002,Electronics,1,50.0,41,Female,2023-12-12,Hemat
CUST572,S005,Clothing,4,2000.0,31,Male,2023-04-20,Sultan
CUST573,S002,Beauty,2,60.0,49,Male,2023-09-19,Hemat
CUST574,S004,Electronics,2,50.0,63,Female,2023-08-31,Hemat
CUST575,S004,Clothing,2,100.0,60,Male,2023-03-28,Hemat
CUST576,S004,Beauty,3,150.0,33,Female,2023-12-04,Hemat
CUST577,S001,Beauty,4,2000.0,21,Male,2023-02-13,Sultan
CUST578,S004,Clothing,4,120.0,54,Female,2023-05-26,Hemat
CUST579,S005,Electronics,1,30.0,38,Female,2023-09-21,Hemat
CUST580,S001,Clothing,3,1500.0,31,Female,2023-12-06,Sultan
CUST581,S004,Beauty,2,60.0,48,Female,2023-11-21,Hemat
CUST582,S003,Clothing,3,900.0,35,Male,2023-11-14,Reguler
CUST583,S001,Electronics,4,100.0,24,Female,2023-06-21,Hemat
CUST584,S005,Beauty,4,200.0,27,Female,2023-02-17,Hemat
CUST585,S002,Clothing,1,25.0,24,Female,2023-05-01,Hemat
CUST586,S003,Electronics,1,50.0,50,Male,2023-12-11,Hemat
CUST587,S005,Beauty,4,1200.0,40,Female,2023-06-08,Reguler
CUST588,S005,Electronics,2,60.0,38,Male,2023-04-26,Hemat
CUST589,S002,Beauty,2,1000.0,36,Female,2023-04-12,Reguler
CUST590,S003,Clothing,3,900.0,36,Male,2023-03-17,Reguler
CUST591,S003,Electronics,4,100.0,53,Male,2023-01-13,Hemat
CUST592,S002,Beauty,4,2000.0,46,Female,2023-01-24,Sultan
CUST593,S005,Electronics,2,60.0,35,Male,2023-05-06,Hemat
CUST594,S002,Electronics,2,600.0,19,Female,2023-09-01,Reguler
CUST595,S001,Clothing,4,2000.0,18,Female,2023-11-09,Sultan
CUST596,S003,Electronics,1,300.0,64,Female,2023-02-07,Hemat
CUST597,S005,Beauty,4,1200.0,22,Male,2023-08-22,Reguler
CUST598,S004,Beauty,4,120.0,37,Male,2023-08-01,Hemat
CUST599,S004,Beauty,2,100.0,28,Female,2023-11-19,Hemat
CUST600,S001,Beauty,2,1000.0,59,Female,2023-10-22,Reguler
CUST601,S003,Clothing,1,30.0,19,Male,2023-04-10,Hemat
CUST602,S002,Electronics,1,300.0,20,Female,2023-12-23,Hemat
CUST603,S003,Clothing,3,90.0,40,Female,2023-07-16,Hemat
CUST604,S003,Electronics,4,200.0,29,Female,2023-09-11,Hemat
CUST605,S001,Electronics,2,1000.0,37,Male,2023-07-24,Reguler
CUST606,S001,Electronics,1,50.0,22,Male,2023-05-05,Hemat
CUST607,S001,Clothing,3,75.0,54,Male,2023-03-17,Hemat
CUST608,S003,Electronics,3,1500.0,55,Female,2023-12-02,Sultan
CUST609,S002,Clothing,2,100.0,47,Female,2023-12-19,Hemat
CUST610,S001,Beauty,2,600.0,26,Female,2023-01-03,Reguler
CUST611,S003,Beauty,3,1500.0,51,Male,2023-02-24,Sultan
CUST612,S002,Electronics,1,500.0,61,Female,2023-08-06,Hemat
CUST613,S001,Clothing,3,90.0,52,Female,2023-04-23,Hemat
CUST614,S001,Beauty,4,1200.0,39,Female,2023-04-01,Reguler
CUST615,S003,Clothing,4,100.0,61,Female,2023-12-23,Hemat
CUST616,S003,Clothing,2,100.0,41,Male,2023-09-23,Hemat
CUST617,S004,Electronics,1,30.0,34,Male,2023-08-26,Hemat
CUST618,S005,Beauty,1,50.0,27,Female,2023-01-26,Hemat
CUST619,S003,Electronics,4,100.0,47,Male,2023-10-13,Hemat
CUST620,S003,Electronics,3,75.0,63,Male,2023-05-08,Hemat
CUST621,S005,Beauty,2,1000.0,40,Female,2023-03-04,Reguler
CUST622,S004,Beauty,3,75.0,49,Female,2023-08-22,Hemat
CUST623,S004,Clothing,3,150.0,34,Male,2023-03-10,Hemat
CUST624,S001,Beauty,3,900.0,34,Female,2023-08-26,Reguler
CUST625,S001,Clothing,1,300.0,31,Male,2023-12-08,Hemat
CUST626,S001,Clothing,4,2000.0,26,Female,2023-09-29,Sultan
CUST627,S005,Clothing,1,50.0,57,Male,2023-10-14,Hemat
CUST628,S003,Beauty,4,200.0,19,Female,2023-11-01,Hemat
CUST629,S003,Electronics,2,50.0,62,Male,2023-06-12,Hemat
CUST630,S003,Clothing,2,100.0,42,Male,2023-08-15,Hemat
CUST631,S001,Electronics,3,90.0,56,Male,2023-11-10,Hemat
CUST632,S002,Electronics,4,100.0,26,Female,2023-09-16,Hemat
CUST633,S003,Beauty,4,120.0,39,Male,2023-08-07,Hemat
CUST634,S003,Electronics,4,2000.0,60,Male,2023-10-08,Sultan
CUST635,S004,Electronics,3,900.0,63,Female,2023-08-17,Reguler
CUST636,S002,Beauty,3,1500.0,21,Female,2023-03-23,Sultan
CUST637,S004,Clothing,2,600.0,43,Male,2023-09-01,Reguler
CUST638,S005,Electronics,1,500.0,46,Male,2023-08-19,Hemat
CUST639,S003,Beauty,4,200.0,62,Female,2023-05-13,Hemat
CUST640,S002,Electronics,4,120.0,51,Female,2023-05-07,Hemat
CUST641,S002,Electronics,1,300.0,40,Female,2023-11-23,Hemat
CUST642,S004,Clothing,4,100.0,54,Female,2023-05-22,Hemat
CUST643,S002,Electronics,3,90.0,28,Female,2023-09-24,Hemat
CUST644,S003,Beauty,3,75.0,23,Male,2023-09-06,Hemat
CUST645,S001,Electronics,4,120.0,35,Female,2023-11-17,Hemat
CUST646,S004,Clothing,3,90.0,38,Male,2023-05-03,Hemat
CUST647,S003,Clothing,3,1500.0,59,Male,2023-05-21,Sultan
CUST648,S004,Beauty,4,1200.0,53,Male,2023-08-14,Reguler
CUST649,S005,Clothing,2,600.0,58,Female,2023-02-09,Reguler
CUST650,S005,Electronics,1,30.0,55,Male,2024-01-01,Hemat
CUST651,S003,Clothing,3,150.0,51,Male,2023-05-27,Hemat
CUST652,S005,Beauty,2,100.0,34,Female,2023-05-01,Hemat
CUST653,S005,Clothing,3,75.0,54,Male,2023-05-20,Hemat
CUST654,S003,Clothing,3,75.0,42,Male,2023-06-21,Hemat
CUST655,S002,Clothing,1,500.0,55,Female,2023-06-13,Hemat
CUST656,S003,Beauty,3,90.0,29,Male,2023-10-04,Hemat
CUST657,S003,Clothing,1,25.0,40,Male,2023-02-11,Hemat
CUST658,S004,Clothing,1,25.0,59,Male,2023-03-12,Hemat
CUST659,S002,Electronics,1,30.0,39,Female,2023-03-19,Hemat
CUST660,S001,Beauty,2,1000.0,38,Female,2023-04-29,Reguler
CUST661,S002,Clothing,4,100.0,44,Female,2023-07-16,Hemat
CUST662,S004,Beauty,2,1000.0,48,Male,2023-12-22,Reguler
CUST663,S003,Clothing,4,1200.0,23,Male,2023-03-20,Reguler
CUST664,S002,Clothing,4,2000.0,44,Female,2023-12-28,Sultan
CUST665,S004,Clothing,1,50.0,57,Male,2023-04-20,Hemat
CUST666,S005,Electronics,3,150.0,51,Male,2023-02-02,Hemat
CUST667,S004,Electronics,1,500.0,29,Female,2023-08-01,Hemat
CUST668,S003,Electronics,3,150.0,62,Female,2023-07-28,Hemat
CUST669,S001,Beauty,4,1200.0,24,Male,2023-06-19,Reguler
CUST670,S004,Beauty,1,30.0,27,Male,2023-10-05,Hemat
CUST671,S003,Electronics,3,150.0,62,Male,2023-08-27,Hemat
CUST672,S004,Beauty,2,100.0,34,Female,2023-08-01,Hemat
CUST673,S003,Clothing,3,1500.0,43,Female,2023-02-01,Sultan
CUST674,S003,Clothing,1,300.0,38,Female,2023-04-16,Hemat
CUST675,S005,Clothing,2,60.0,45,Female,2023-08-04,Hemat
CUST676,S002,Electronics,3,1500.0,63,Male,2023-07-19,Sultan
CUST677,S001,Beauty,3,1500.0,19,Female,2023-10-27,Sultan
CUST678,S002,Electronics,3,900.0,60,Female,2023-12-23,Reguler
CUST679,S004,Beauty,3,90.0,18,Female,2023-01-11,Hemat
CUST680,S004,Clothing,3,900.0,53,Female,2023-10-22,Reguler
CUST681,S004,Electronics,2,60.0,43,Female,2023-07-14,Hemat
CUST682,S004,Beauty,4,1200.0,46,Male,2023-09-02,Reguler
CUST683,S004,Beauty,2,1000.0,38,Male,2023-01-04,Reguler
CUST684,S001,Clothing,2,1000.0,28,Female,2023-06-30,Reguler
CUST685,S004,Electronics,2,50.0,57,Male,2023-06-02,Hemat
CUST686,S002,Electronics,4,200.0,28,Female,2023-07-19,Hemat
CUST687,S004,Electronics,1,300.0,53,Female,2023-08-03,Hemat
CUST688,S005,Clothing,4,100.0,56,Male,2023-10-03,Hemat
CUST689,S002,Electronics,2,100.0,57,Male,2023-10-07,Hemat
CUST690,S005,Clothing,3,900.0,52,Female,2023-11-05,Reguler
CUST691,S003,Clothing,3,90.0,51,Female,2023-04-23,Hemat
CUST692,S005,Clothing,2,100.0,64,Female,2023-09-07,Hemat
CUST693,S004,Beauty,3,1500.0,41,Male,2023-04-23,Sultan
CUST694,S001,Electronics,2,50.0,39,Female,2023-05-20,Hemat
CUST695,S002,Electronics,3,150.0,22,Female,2023-08-12,Hemat
CUST696,S001,Clothing,4,200.0,50,Female,2023-09-06,Hemat
CUST697,S003,Clothing,1,500.0,53,Male,2023-01-15,Hemat
CUST698,S001,Electronics,1,300.0,64,Female,2023-07-19,Hemat
CUST699,S003,Clothing,4,120.0,37,Female,2023-06-22,Hemat
CUST700,S005,Electronics,4,2000.0,36,Male,2023-12-09,Sultan
CUST701,S002,Beauty,2,60.0,52,Female,2023-12-14,Hemat
CUST702,S004,Clothing,2,600.0,60,Female,2023-07-27,Reguler
CUST703,S003,Electronics,2,100.0,34,Male,2023-03-26,Hemat
CUST704,S004,Clothing,3,90.0,62,Female,2023-08-28,Hemat
CUST705,S004,Electronics,2,50.0,60,Male,2023-03-07,Hemat
CUST706,S004,Electronics,4,100.0,51,Male,2023-11-15,Hemat
CUST707,S003,Clothing,1,500.0,26,Female,2023-10-01,Hemat
CUST708,S001,Beauty,3,900.0,43,Female,2023-01-14,Reguler
CUST709,S005,Electronics,2,1000.0,19,Female,2023-07-21,Reguler
CUST710,S002,Electronics,3,1500.0,26,Female,2023-10-31,Sultan
CUST711,S003,Electronics,3,1500.0,26,Male,2023-10-16,Sultan
CUST712,S003,Beauty,2,50.0,57,Female,2023-12-06,Hemat
CUST713,S002,Beauty,3,75.0,34,Male,2023-01-14,Hemat
CUST714,S005,Clothing,1,500.0,18,Female,2023-02-12,Hemat
CUST715,S001,Beauty,4,100.0,42,Female,2023-11-26,Hemat
CUST716,S002,Clothing,4,1200.0,60,Female,2023-08-08,Reguler
CUST717,S005,Clothing,1,500.0,57,Male,2023-03-11,Hemat
CUST718,S003,Beauty,3,75.0,59,Female,2023-08-25,Hemat
CUST719,S002,Clothing,2,60.0,42,Female,2023-04-04,Hemat
CUST720,S005,Beauty,3,1500.0,56,Female,2023-01-26,Sultan
CUST721,S003,Clothing,1,500.0,52,Female,2023-05-14,Hemat
CUST722,S002,Beauty,3,900.0,20,Male,2023-07-14,Reguler
CUST723,S005,Beauty,4,200.0,54,Female,2023-06-17,Hemat
CUST724,S002,Clothing,3,150.0,61,Male,2023-04-19,Hemat
CUST725,S004,Electronics,1,300.0,61,Male,2023-08-21,Hemat
CUST726,S005,Clothing,4,1200.0,47,Male,2023-06-17,Reguler
CUST727,S005,Beauty,3,900.0,55,Male,2023-06-22,Reguler
CUST728,S004,Electronics,3,150.0,51,Male,2023-07-14,Hemat
CUST729,S003,Clothing,4,1200.0,29,Male,2023-05-23,Reguler
CUST730,S001,Clothing,2,50.0,36,Female,2023-08-04,Hemat
CUST731,S001,Clothing,4,2000.0,54,Male,2023-05-10,Sultan
CUST732,S003,Electronics,2,1000.0,61,Male,2023-02-11,Reguler
CUST733,S001,Beauty,1,30.0,34,Male,2023-08-29,Hemat
CUST734,S004,Clothing,1,30.0,27,Female,2023-01-10,Hemat
CUST735,S004,Clothing,4,2000.0,64,Female,2023-10-04,Sultan
CUST736,S005,Clothing,4,100.0,29,Male,2023-01-27,Hemat
CUST737,S004,Clothing,1,50.0,33,Female,2023-06-29,Hemat
CUST738,S004,Clothing,2,100.0,41,Male,2023-04-25,Hemat
CUST739,S005,Beauty,1,25.0,36,Male,2023-11-29,Hemat
CUST740,S005,Beauty,4,200.0,25,Female,2023-02-05,Hemat
CUST741,S005,Clothing,1,300.0,48,Male,2023-11-30,Hemat
CUST742,S001,Electronics,4,2000.0,38,Female,2023-01-21,Sultan
CUST743,S003,Beauty,4,2000.0,34,Female,2023-01-16,Sultan
CUST744,S003,Electronics,1,25.0,40,Male,2023-05-07,Hemat
CUST745,S003,Beauty,2,100.0,54,Male,2023-04-13,Hemat
CUST746,S005,Clothing,3,90.0,33,Female,2023-01-11,Hemat
CUST747,S002,Beauty,1,30.0,23,Male,2023-11-15,Hemat
CUST748,S005,Clothing,3,150.0,25,Male,2023-03-20,Hemat
CUST749,S003,Beauty,1,30.0,42,Male,2023-05-03,Hemat
CUST750,S001,Clothing,3,75.0,35,Female,2023-03-06,Hemat
CUST751,S004,Clothing,2,50.0,42,Female,2023-08-31,Hemat
CUST752,S002,Clothing,2,100.0,29,Male,2023-12-09,Hemat
CUST753,S002,Clothing,1,30.0,32,Female,2023-02-28,Hemat
CUST754,S001,Electronics,4,100.0,43,Female,2023-10-16,Hemat
CUST755,S002,Clothing,3,75.0,58,Female,2023-04-22,Hemat
CUST756,S005,Electronics,4,1200.0,62,Female,2023-08-27,Reguler
CUST757,S002,Electronics,4,1200.0,43,Female,2023-12-25,Reguler
CUST758,S004,Clothing,4,100.0,64,Male,2023-05-12,Hemat
CUST759,S005,Electronics,2,100.0,49,Male,2023-07-08,Hemat
CUST760,S003,Beauty,1,500.0,27,Male,2023-03-27,Hemat
CUST761,S005,Clothing,1,500.0,33,Female,2023-11-07,Hemat
CUST762,S004,Electronics,2,50.0,24,Female,2023-11-07,Hemat
CUST763,S003,Clothing,2,50.0,34,Male,2023-02-28,Hemat
CUST764,S003,Clothing,1,25.0,40,Female,2023-03-25,Hemat
CUST765,S002,Clothing,4,200.0,43,Male,2023-06-09,Hemat
CUST766,S004,Electronics,3,900.0,38,Male,2023-02-25,Reguler
CUST767,S004,Beauty,3,75.0,39,Male,2023-10-24,Hemat
CUST768,S001,Beauty,3,75.0,24,Female,2023-01-14,Hemat
CUST769,S002,Electronics,4,120.0,31,Female,2023-06-09,Hemat
CUST770,S002,Clothing,1,50.0,32,Male,2023-10-22,Hemat
CUST771,S005,Electronics,2,50.0,24,Male,2023-12-13,Hemat
CUST772,S002,Electronics,1,30.0,26,Male,2023-07-12,Hemat
CUST773,S004,Electronics,4,2000.0,25,Male,2023-07-23,Sultan
CUST774,S005,Clothing,2,50.0,40,Female,2023-04-12,Hemat
CUST775,S002,Electronics,4,100.0,46,Female,2023-02-08,Hemat
CUST776,S005,Clothing,3,90.0,35,Male,2023-10-31,Hemat
CUST777,S002,Electronics,3,150.0,48,Male,2023-12-20,Hemat
CUST778,S004,Beauty,4,100.0,47,Female,2023-11-18,Hemat
CUST779,S001,Electronics,2,1000.0,56,Female,2023-05-05,Reguler
CUST780,S001,Electronics,2,50.0,52,Male,2023-02-22,Hemat
CUST781,S004,Beauty,1,500.0,35,Male,2023-12-23,Hemat
CUST782,S002,Clothing,3,900.0,59,Male,2023-06-04,Reguler
CUST783,S004,Clothing,1,300.0,56,Female,2023-12-17,Hemat
CUST784,S002,Electronics,1,500.0,34,Female,2023-11-04,Hemat
CUST785,S004,Beauty,4,200.0,31,Female,2023-03-03,Hemat
CUST786,S001,Clothing,4,100.0,48,Male,2023-10-17,Hemat
CUST787,S002,Electronics,1,25.0,41,Male,2023-01-22,Hemat
CUST788,S005,Beauty,3,900.0,52,Female,2023-06-27,Reguler
CUST789,S004,Clothing,4,2000.0,61,Female,2023-09-30,Sultan
CUST790,S002,Clothing,1,25.0,62,Male,2023-08-08,Hemat
CUST791,S004,Beauty,1,25.0,51,Female,2023-12-05,Hemat
CUST792,S002,Beauty,1,50.0,20,Female,2023-07-09,Hemat
CUST793,S005,Beauty,1,30.0,54,Male,2023-02-05,Hemat
CUST794,S003,Beauty,1,300.0,60,Female,2023-09-17,Hemat
CUST795,S001,Electronics,1,300.0,57,Male,2023-11-28,Hemat
CUST796,S001,Beauty,4,120.0,43,Male,2023-06-24,Hemat
CUST797,S003,Clothing,3,75.0,40,Male,2023-01-07,Hemat
CUST798,S004,Clothing,1,50.0,61,Male,2023-08-04,Hemat
CUST799,S005,Electronics,2,100.0,56,Male,2023-09-08,Hemat
CUST800,S004,Clothing,4,1200.0,32,Male,2023-02-24,Reguler
CUST801,S005,Clothing,4,200.0,21,Male,2023-08-10,Hemat
CUST802,S002,Beauty,1,30.0,46,Female,2023-07-05,Hemat
CUST803,S002,Clothing,4,100.0,39,Male,2023-11-22,Hemat
CUST804,S001,Electronics,1,30.0,42,Male,2023-08-24,Hemat
CUST805,S002,Beauty,3,1500.0,30,Female,2023-12-29,Sultan
CUST806,S003,Beauty,3,900.0,35,Female,2023-03-20,Reguler
CUST807,S001,Electronics,4,200.0,50,Female,2023-08-11,Hemat
CUST808,S005,Beauty,4,2000.0,33,Male,2023-04-01,Sultan
CUST809,S001,Beauty,2,100.0,62,Female,2023-09-25,Hemat
CUST810,S004,Electronics,4,100.0,59,Male,2023-11-30,Hemat
CUST811,S004,Beauty,2,50.0,61,Male,2023-05-19,Hemat
CUST812,S002,Electronics,3,75.0,19,Male,2023-11-12,Hemat
CUST813,S005,Electronics,3,150.0,52,Male,2023-10-03,Hemat
CUST814,S005,Clothing,1,500.0,59,Female,2023-09-05,Hemat
CUST815,S001,Clothing,3,75.0,51,Female,2023-08-27,Hemat
CUST816,S003,Beauty,2,1000.0,47,Male,2023-08-12,Reguler
CUST817,S005,Beauty,4,200.0,30,Male,2023-10-31,Hemat
CUST818,S002,Electronics,1,500.0,30,Male,2023-05-18,Hemat
CUST819,S002,Beauty,2,100.0,35,Female,2023-06-15,Hemat
CUST820,S005,Electronics,4,200.0,49,Male,2023-05-06,Hemat
CUST821,S001,Electronics,1,300.0,49,Male,2023-02-14,Hemat
CUST822,S003,Beauty,3,150.0,52,Female,2023-05-23,Hemat
CUST823,S002,Electronics,2,100.0,56,Female,2023-08-19,Hemat
CUST824,S005,Clothing,4,120.0,63,Male,2023-05-05,Hemat
CUST825,S004,Beauty,1,25.0,46,Female,2023-08-26,Hemat
CUST826,S003,Clothing,1,300.0,46,Female,2023-10-19,Hemat
CUST827,S004,Beauty,3,900.0,61,Male,2023-11-09,Reguler
CUST828,S002,Electronics,4,1200.0,33,Female,2023-12-09,Reguler
CUST829,S002,Beauty,3,90.0,61,Male,2023-07-14,Hemat
CUST830,S002,Clothing,3,150.0,64,Female,2023-06-22,Hemat
CUST831,S005,Electronics,4,100.0,27,Male,2023-01-15,Hemat
CUST832,S005,Beauty,4,2000.0,47,Male,2023-09-11,Sultan
CUST833,S004,Beauty,4,200.0,42,Male,2023-06-16,Hemat
CUST834,S002,Beauty,2,60.0,56,Female,2023-04-04,Hemat
CUST835,S004,Clothing,4,200.0,37,Male,2023-09-07,Hemat
CUST836,S005,Clothing,1,50.0,22,Female,2023-04-19,Hemat
CUST837,S002,Beauty,3,90.0,18,Male,2023-07-01,Hemat
CUST838,S005,Electronics,2,600.0,47,Male,2023-05-13,Reguler
CUST839,S003,Electronics,4,1200.0,20,Female,2023-06-24,Reguler
CUST840,S002,Clothing,2,50.0,62,Male,2023-05-24,Hemat
CUST841,S004,Electronics,4,100.0,31,Male,2023-11-02,Hemat
CUST842,S005,Clothing,2,600.0,47,Female,2023-12-26,Reguler
CUST843,S001,Beauty,3,1500.0,21,Male,2023-05-22,Sultan
CUST844,S001,Clothing,3,150.0,35,Male,2023-10-12,Hemat
CUST845,S001,Clothing,1,500.0,54,Male,2023-01-06,Hemat
CUST846,S002,Beauty,1,50.0,42,Male,2023-09-22,Hemat
CUST847,S004,Electronics,4,1200.0,18,Female,2023-04-08,Reguler
CUST848,S005,Clothing,3,75.0,63,Female,2023-02-13,Hemat
CUST849,S005,Clothing,2,50.0,32,Male,2023-05-04,Hemat
CUST850,S005,Beauty,2,1000.0,26,Female,2023-07-28,Reguler
CUST851,S004,Electronics,2,50.0,32,Male,2023-09-08,Hemat
CUST852,S002,Clothing,1,300.0,41,Female,2023-10-12,Hemat
CUST853,S005,Beauty,2,1000.0,21,Male,2023-05-04,Reguler
CUST854,S004,Clothing,1,50.0,29,Male,2023-12-20,Hemat
CUST855,S002,Beauty,1,25.0,54,Male,2023-09-01,Hemat
CUST856,S004,Electronics,4,120.0,54,Male,2023-11-27,Hemat
CUST857,S001,Electronics,2,50.0,60,Male,2023-12-31,Hemat
CUST858,S003,Electronics,2,100.0,23,Male,2023-09-09,Hemat
CUST859,S003,Electronics,3,1500.0,56,Female,2023-08-18,Sultan
CUST860,S004,Clothing,4,200.0,63,Male,2023-01-09,Hemat
CUST861,S004,Clothing,3,90.0,41,Female,2023-02-17,Hemat
CUST862,S001,Electronics,4,1200.0,28,Male,2023-05-31,Reguler
CUST863,S005,Electronics,2,50.0,30,Female,2023-04-24,Hemat
CUST864,S004,Electronics,1,500.0,51,Female,2023-07-27,Hemat
CUST865,S002,Clothing,1,300.0,42,Female,2023-12-21,Hemat
CUST866,S003,Electronics,1,50.0,24,Male,2023-05-05,Hemat
CUST867,S003,Electronics,1,500.0,21,Male,2023-06-06,Hemat
CUST868,S005,Electronics,1,300.0,25,Female,2023-12-06,Hemat
CUST869,S004,Beauty,3,1500.0,37,Male,2023-10-25,Sultan
CUST870,S005,Electronics,4,120.0,46,Female,2023-07-08,Hemat
CUST871,S003,Beauty,2,60.0,62,Male,2023-08-31,Hemat
CUST872,S003,Beauty,3,75.0,63,Female,2023-10-11,Hemat
CUST873,S002,Electronics,4,100.0,27,Female,2023-09-29,Hemat
CUST874,S004,Beauty,1,30.0,60,Male,2023-06-26,Hemat
CUST875,S003,Electronics,4,2000.0,51,Female,2023-08-06,Sultan
CUST876,S004,Clothing,4,120.0,43,Male,2023-10-09,Hemat
CUST877,S005,Clothing,1,25.0,58,Female,2023-06-19,Hemat
CUST878,S001,Clothing,1,30.0,20,Female,2023-06-30,Hemat
CUST879,S003,Clothing,1,30.0,23,Male,2023-12-26,Hemat
CUST880,S003,Beauty,2,1000.0,22,Male,2023-08-21,Reguler
CUST881,S003,Electronics,1,300.0,22,Male,2023-05-19,Hemat
CUST882,S001,Electronics,2,50.0,64,Female,2023-06-06,Hemat
CUST883,S004,Electronics,1,500.0,40,Male,2023-05-09,Hemat
CUST884,S004,Clothing,2,60.0,26,Female,2023-04-29,Hemat
CUST885,S005,Clothing,4,120.0,52,Female,2023-03-03,Hemat
CUST886,S003,Electronics,3,900.0,37,Male,2023-04-09,Reguler
CUST887,S003,Clothing,4,100.0,59,Male,2023-06-11,Hemat
CUST888,S002,Electronics,4,100.0,52,Female,2023-03-03,Hemat
CUST889,S003,Electronics,1,50.0,35,Female,2023-10-02,Hemat
CUST890,S002,Electronics,2,50.0,34,Male,2023-12-20,Hemat
CUST891,S001,Electronics,3,900.0,41,Male,2023-04-05,Reguler
CUST892,S002,Electronics,1,50.0,20,Male,2023-04-09,Hemat
CUST893,S003,Electronics,1,50.0,49,Male,2023-04-21,Hemat
CUST894,S003,Electronics,1,30.0,52,Male,2023-09-05,Hemat
CUST895,S005,Clothing,4,120.0,55,Female,2023-05-22,Hemat
CUST896,S002,Electronics,2,50.0,30,Female,2023-10-29,Hemat
CUST897,S005,Electronics,2,100.0,64,Female,2023-09-26,Hemat
CUST898,S002,Clothing,3,90.0,42,Female,2023-11-02,Hemat
CUST899,S001,Clothing,2,600.0,26,Male,2023-05-25,Reguler
CUST900,S001,Clothing,2,60.0,21,Male,2023-02-21,Hemat
CUST901,S003,Electronics,1,30.0,31,Male,2023-04-10,Hemat
CUST902,S003,Beauty,1,50.0,54,Female,2023-06-01,Hemat
CUST903,S005,Beauty,4,200.0,51,Female,2023-04-27,Hemat
CUST904,S002,Clothing,1,500.0,28,Male,2023-07-04,Hemat
CUST905,S004,Beauty,1,300.0,58,Male,2023-04-02,Hemat
CUST906,S001,Clothing,1,50.0,20,Female,2023-06-04,Hemat
CUST907,S004,Electronics,1,25.0,45,Female,2023-01-08,Hemat
CUST908,S001,Beauty,4,1200.0,46,Male,2023-12-29,Reguler
CUST909,S004,Electronics,1,300.0,26,Male,2023-10-01,Hemat
CUST910,S004,Beauty,3,150.0,20,Female,2023-03-06,Hemat
CUST911,S005,Electronics,3,900.0,42,Male,2023-05-21,Reguler
CUST912,S005,Beauty,3,150.0,51,Male,2023-01-24,Hemat
CUST913,S002,Electronics,3,90.0,29,Male,2023-01-28,Hemat
CUST914,S002,Electronics,1,500.0,59,Female,2023-10-11,Hemat
CUST915,S001,Beauty,3,90.0,26,Female,2023-05-30,Hemat
CUST916,S004,Electronics,1,50.0,32,Female,2023-12-24,Hemat
CUST917,S005,Electronics,4,200.0,57,Female,2023-03-06,Hemat
CUST918,S001,Electronics,3,90.0,42,Female,2023-11-23,Hemat
CUST919,S001,Beauty,2,50.0,22,Female,2023-09-09,Hemat
CUST920,S003,Beauty,3,75.0,28,Female,2023-02-22,Hemat
CUST921,S002,Electronics,3,75.0,51,Male,2023-01-07,Hemat
CUST922,S004,Electronics,1,50.0,41,Male,2023-10-21,Hemat
CUST923,S003,Beauty,3,900.0,32,Male,2023-05-26,Reguler
CUST924,S001,Beauty,2,100.0,55,Male,2023-08-29,Hemat
CUST925,S002,Electronics,1,300.0,25,Male,2023-09-03,Hemat
CUST926,S002,Electronics,1,30.0,22,Male,2023-08-14,Hemat
CUST927,S004,Electronics,4,2000.0,43,Male,2023-06-24,Sultan
CUST928,S005,Clothing,4,1200.0,35,Female,2023-04-05,Reguler
CUST929,S005,Beauty,3,75.0,23,Female,2023-01-27,Hemat
CUST930,S003,Clothing,4,200.0,54,Male,2023-05-10,Hemat
CUST931,S004,Beauty,4,120.0,30,Male,2023-09-02,Hemat
CUST932,S003,Beauty,4,100.0,45,Female,2023-02-28,Hemat
CUST933,S003,Beauty,1,30.0,22,Male,2023-02-03,Hemat
CUST934,S003,Beauty,1,500.0,30,Male,2023-07-25,Hemat
CUST935,S005,Beauty,1,50.0,34,Female,2023-09-09,Hemat
CUST936,S001,Beauty,4,200.0,57,Male,2023-02-07,Hemat
CUST937,S005,Beauty,1,500.0,62,Female,2023-10-23,Hemat
CUST938,S005,Clothing,4,200.0,49,Male,2023-11-19,Hemat
CUST939,S001,Electronics,1,300.0,46,Female,2023-12-18,Hemat
CUST940,S005,Electronics,1,30.0,20,Female,2023-01-28,Hemat
CUST941,S004,Clothing,2,50.0,57,Female,2023-03-19,Hemat
CUST942,S002,Clothing,3,1500.0,51,Male,2023-03-18,Sultan
CUST943,S005,Clothing,4,1200.0,57,Female,2023-10-16,Reguler
CUST944,S001,Clothing,2,50.0,44,Male,2023-06-05,Hemat
CUST945,S005,Beauty,1,25.0,30,Male,2023-02-13,Hemat
CUST946,S001,Electronics,4,2000.0,62,Male,2023-05-08,Sultan
CUST947,S005,Beauty,1,300.0,50,Male,2023-03-02,Hemat
CUST948,S003,Electronics,3,75.0,23,Female,2023-10-13,Hemat
CUST949,S001,Electronics,2,50.0,41,Female,2023-08-02,Hemat
CUST950,S004,Clothing,3,900.0,36,Male,2023-11-07,Reguler
CUST951,S004,Beauty,2,100.0,33,Male,2023-11-02,Hemat
CUST952,S003,Clothing,1,25.0,57,Female,2023-11-13,Hemat
CUST953,S002,Beauty,3,90.0,45,Male,2023-04-26,Hemat
CUST954,S003,Electronics,3,900.0,50,Female,2023-09-25,Reguler
CUST955,S004,Clothing,1,25.0,58,Male,2023-07-14,Hemat
CUST956,S003,Clothing,3,1500.0,30,Male,2023-08-19,Sultan
CUST957,S001,Electronics,4,120.0,60,Female,2023-08-15,Hemat
CUST958,S002,Electronics,2,50.0,62,Male,2023-06-02,Hemat
CUST959,S004,Electronics,2,60.0,42,Female,2023-10-29,Hemat
CUST960,S003,Clothing,2,60.0,59,Male,2023-08-08,Hemat
CUST961,S003,Beauty,4,200.0,53,Male,2023-06-06,Hemat
CUST962,S001,Clothing,2,60.0,44,Male,2023-10-19,Hemat
CUST963,S003,Beauty,1,50.0,55,Female,2023-11-14,Hemat
CUST964,S004,Clothing,3,900.0,24,Male,2023-01-31,Reguler
CUST965,S002,Clothing,4,200.0,22,Male,2023-11-09,Hemat
CUST966,S003,Electronics,2,1000.0,60,Male,2023-02-20,Reguler
CUST967,S004,Beauty,1,25.0,62,Male,2023-04-17,Hemat
CUST968,S003,Clothing,3,900.0,48,Female,2023-11-17,Reguler
CUST969,S004,Clothing,3,900.0,40,Female,2023-04-19,Reguler
CUST970,S005,Electronics,4,2000.0,59,Male,2023-05-16,Sultan
CUST971,S004,Electronics,4,200.0,27,Female,2023-12-05,Hemat
CUST972,S001,Beauty,4,100.0,49,Male,2023-02-11,Hemat
CUST973,S002,Clothing,1,50.0,60,Male,2023-03-22,Hemat
CUST974,S003,Beauty,1,30.0,47,Male,2023-05-03,Hemat
CUST975,S002,Clothing,4,200.0,56,Female,2023-03-30,Hemat
CUST976,S004,Beauty,2,600.0,48,Female,2023-10-10,Reguler
CUST977,S003,Electronics,3,75.0,35,Female,2023-02-08,Hemat
CUST978,S002,Clothing,3,150.0,53,Female,2023-03-22,Hemat
CUST979,S001,Beauty,1,25.0,19,Female,2023-01-02,Hemat
CUST980,S004,Electronics,3,75.0,31,Female,2023-07-29,Hemat
CUST981,S001,Electronics,2,60.0,30,Female,2023-08-19,Hemat
CUST982,S005,Beauty,3,90.0,46,Female,2023-12-19,Hemat
CUST983,S005,Clothing,1,300.0,29,Female,2023-11-01,Hemat
CUST984,S005,Clothing,1,500.0,56,Male,2023-08-29,Hemat
CUST985,S003,Electronics,2,50.0,19,Female,2023-05-30,Hemat
CUST986,S003,Clothing,2,1000.0,49,Female,2023-01-17,Reguler
CUST987,S002,Clothing,3,900.0,30,Female,2023-04-29,Reguler
CUST988,S001,Clothing,3,75.0,63,Female,2023-05-28,Hemat
CUST989,S003,Electronics,1,25.0,44,Female,2023-12-28,Hemat
CUST990,S003,Beauty,2,1000.0,58,Female,2023-05-25,Reguler
CUST991,S002,Clothing,2,100.0,34,Female,2023-12-26,Hemat
CUST992,S004,Electronics,2,60.0,57,Female,2023-08-21,Hemat
CUST993,S003,Electronics,3,150.0,48,Female,2023-02-06,Hemat
CUST994,S002,Beauty,2,1000.0,51,Female,2023-12-18,Reguler
CUST995,S004,Clothing,1,30.0,41,Female,2023-04-30,Hemat
CUST996,S001,Clothing,1,50.0,62,Male,2023-05-16,Hemat
CUST997,S005,Beauty,3,90.0,52,Male,2023-11-17,Hemat
CUST998,S005,Beauty,4,100.0,23,Female,2023-10-29,Hemat
CUST999,S002,Electronics,3,150.0,36,Female,2023-12-05,Hemat
CUST1000,S004,Electronics,4,120.0,47,Male,2023-04-12,Hemat
